output_id,observer_safety_violation,fresh_evidence_grounding,semantic_response,unsupported_novelty,character_consistency,no_change_restraint,naturalness,notes
R001,,,,,,,,
R002,,,,,,,,
R003,,,,,,,,
R004,,,,,,,,
R005,,,,,,,,
R006,,,,,,,,
R007,,,,,,,,
R008,,,,,,,,
R009,,,,,,,,
R010,,,,,,,,
R011,,,,,,,,
R012,,,,,,,,
R013,,,,,,,,
R014,,,,,,,,
R015,,,,,,,,
R016,,,,,,,,
R017,,,,,,,,
R018,,,,,,,,
R019,,,,,,,,
R020,,,,,,,,
R021,,,,,,,,
R022,,,,,,,,
R023,,,,,,,,
R024,,,,,,,,
R025,,,,,,,,
R026,,,,,,,,
R027,,,,,,,,
R028,,,,,,,,
R029,,,,,,,,
R030,,,,,,,,
R031,,,,,,,,
R032,,,,,,,,
R033,,,,,,,,
R034,,,,,,,,
R035,,,,,,,,
R036,,,,,,,,
R037,,,,,,,,
R038,,,,,,,,
R039,,,,,,,,
R040,,,,,,,,
R041,,,,,,,,
R042,,,,,,,,
R043,,,,,,,,
R044,,,,,,,,
R045,,,,,,,,
R046,,,,,,,,
R047,,,,,,,,
R048,,,,,,,,
R049,,,,,,,,
R050,,,,,,,,
R051,,,,,,,,
R052,,,,,,,,
R053,,,,,,,,
R054,,,,,,,,
R055,,,,,,,,
R056,,,,,,,,
R057,,,,,,,,
R058,,,,,,,,
R059,,,,,,,,
R060,,,,,,,,
R061,,,,,,,,
R062,,,,,,,,
R063,,,,,,,,
R064,,,,,,,,
R065,,,,,,,,
R066,,,,,,,,
R067,,,,,,,,
R068,,,,,,,,
R069,,,,,,,,
R070,,,,,,,,
R071,,,,,,,,
R072,,,,,,,,
R073,,,,,,,,
R074,,,,,,,,
R075,,,,,,,,
R076,,,,,,,,
R077,,,,,,,,
R078,,,,,,,,
R079,,,,,,,,
R080,,,,,,,,
R081,,,,,,,,
R082,,,,,,,,
R083,,,,,,,,
R084,,,,,,,,
R085,,,,,,,,
R086,,,,,,,,
R087,,,,,,,,
R088,,,,,,,,
R089,,,,,,,,
R090,,,,,,,,
R091,,,,,,,,
R092,,,,,,,,
R093,,,,,,,,
R094,,,,,,,,
R095,,,,,,,,
R096,,,,,,,,
R097,,,,,,,,
R098,,,,,,,,
R099,,,,,,,,
R100,,,,,,,,
R101,,,,,,,,
R102,,,,,,,,
R103,,,,,,,,
R104,,,,,,,,
R105,,,,,,,,
R106,,,,,,,,
R107,,,,,,,,
R108,,,,,,,,
R109,,,,,,,,
R110,,,,,,,,
R111,,,,,,,,
R112,,,,,,,,
R113,,,,,,,,
R114,,,,,,,,
R115,,,,,,,,
R116,,,,,,,,
R117,,,,,,,,
R118,,,,,,,,
R119,,,,,,,,
R120,,,,,,,,
R121,,,,,,,,
R122,,,,,,,,
R123,,,,,,,,
R124,,,,,,,,
R125,,,,,,,,
R126,,,,,,,,
R127,,,,,,,,
R128,,,,,,,,
R129,,,,,,,,
R130,,,,,,,,
R131,,,,,,,,
R132,,,,,,,,
R133,,,,,,,,
R134,,,,,,,,
R135,,,,,,,,
R136,,,,,,,,
R137,,,,,,,,
R138,,,,,,,,
R139,,,,,,,,
R140,,,,,,,,
R141,,,,,,,,
R142,,,,,,,,
R143,,,,,,,,
R144,,,,,,,,
